[
    {
      "id": 1,
      "title": "Top 10 Đèn Năng Lượng Mặt Trời 100W Tốt Nhất 2024",
      "description": "Khám phá những mẫu đèn năng lượng mặt trời 100W tiết kiệm điện, bền bỉ và phù hợp cho gia đình bạn.",
      "image": "/fakeimags/image_baiviet.png",
      "url": "https://yourwebsite.com/top-10-den-nlmt-100w",
      "date": "2024-03-13",
      "tag": "today"
    },
    {
      "id": 2,
      "title": "Hướng Dẫn Lắp Đặt Hệ Thống Điện Mặt Trời Gia Đình",
      "description": "Tìm hiểu cách lắp đặt hệ thống điện mặt trời tiết kiệm điện và bảo vệ môi trường.",
      "image": "/fakeimags/news-1.jpg",
      "url": "https://yourwebsite.com/huong-dan-lap-dat-dien-mat-troi",
      "date": "2024-03-10",
      "tag": "today"

    },    
    {
      "id": 3,
      "title": "Hướng Dẫn Lắp Đặt Hệ Thống Điện Mặt Trời Gia Đình",
      "description": "Tìm hiểu cách lắp đặt hệ thống điện mặt trời tiết kiệm điện và bảo vệ môi trường.",
      "image": "/fakeimags/news-1.jpg",
      "url": "https://yourwebsite.com/huong-dan-lap-dat-dien-mat-troi",
      "date": "2024-03-10",
      "tag": "today"

    },
    {
      "id": 4,
      "title": "Hướng Dẫn Lắp Đặt Hệ Thống Điện Mặt Trời Gia Đình",
      "description": "Tìm hiểu cách lắp đặt hệ thống điện mặt trời tiết kiệm điện và bảo vệ môi trường.",
      "image": "/fakeimags/news-1.jpg",
      "url": "https://yourwebsite.com/huong-dan-lap-dat-dien-mat-troi",
      "date": "2024-03-10",
      "tag": "today"

    },
    {
      "id": 4,
      "title": "Hướng Dẫn Lắp Đặt Hệ Thống Điện Mặt Trời Gia Đình",
      "description": "Tìm hiểu cách lắp đặt hệ thống điện mặt trời tiết kiệm điện và bảo vệ môi trường.",
      "image": "/fakeimags/news-1.jpg",
      "url": "https://yourwebsite.com/huong-dan-lap-dat-dien-mat-troi",
      "date": "2024-03-10",
      "tag": "today"

    },
    {
      "id": 4,
      "title": "Hướng Dẫn Lắp Đặt Hệ Thống Điện Mặt Trời Gia Đình",
      "description": "Tìm hiểu cách lắp đặt hệ thống điện mặt trời tiết kiệm điện và bảo vệ môi trường.",
      "image": "/fakeimags/news-1.jpg",
      "url": "https://yourwebsite.com/huong-dan-lap-dat-dien-mat-troi",
      "date": "2024-03-10",
      "tag": "today"

    },
    {
      "id": 4,
      "title": "Hướng Dẫn Lắp Đặt Hệ Thống Điện Mặt Hệ Thống Điện Mặt TrờTrời Gia Đình",
      "description": "Tìm hiểu cách lắpó lẽ là những người am hiểu nhất thế giới về tấn công mạng. Khi biết  đặt hệ thống điện mặt trời tiết kiệm điện và bảo vệ môi trường.",
      "image": "/fakeimags/news-1.jpg",
      "url": "https://yourwebsite.com/huong-dan-lap-dat-dien-mat-troi",
      "date": "2024-03-10",
      "tag": "today"

    },
    {
      "id": 4,
      "title": "Hướng Dẫn Lắp Đặt Hệ Thốặt Hệ Thống Điệặt Hệ Thống Điệng Điện Mặt Trời Gia Đình",
      "description": "Tìm hiểu ó lẽ là những người am hiểu nhất thế giới về tấncông mạng. Khi biết  cách lắp đặt hệ thống điện mặt trời tiết kiệm điện và bảo vệ môi trường.",
      "image": "/fakeimags/news-1.jpg",
      "url": "https://yourwebsite.com/huong-dan-lap-dat-dien-mat-troi",
      "date": "2024-03-10",
      "tag": "today"

    }
  ]